team,season,wins,losses,_id
Boston College,2016,7,6,67127c950f4ebd8209416f0c
Boston College,2017,7,6,67127c950f4ebd8209416f0d
Boston College,2018,7,5,67127c950f4ebd8209416f0e
Boston College,2019,6,6,67127c950f4ebd8209416f0f
Boston College,2020,6,5,67127c950f4ebd8209416f10
Boston College,2021,6,6,67127c950f4ebd8209416f11
Boston College,2022,3,9,67127c950f4ebd8209416f12
Boston College,2023,7,6,67127c950f4ebd8209416f13
Boston College,2024,0,0,67127c950f4ebd8209416f14
Indiana,2016,6,7,67127c950f4ebd8209416f15
Indiana,2017,5,7,67127c950f4ebd8209416f16
Indiana,2018,5,7,67127c950f4ebd8209416f17
Indiana,2019,8,5,67127c950f4ebd8209416f18
Indiana,2020,6,2,67127c950f4ebd8209416f19
Indiana,2021,2,10,67127c950f4ebd8209416f1a
Indiana,2022,4,8,67127c950f4ebd8209416f1b
Indiana,2023,3,9,67127c950f4ebd8209416f1c
Indiana,2024,0,0,67127c950f4ebd8209416f1d
Oregon State,2016,4,8,67127c950f4ebd8209416f1e
Oregon State,2017,1,11,67127c950f4ebd8209416f1f
Oregon State,2018,2,10,67127c950f4ebd8209416f20
Oregon State,2019,5,7,67127c950f4ebd8209416f21
Oregon State,2020,2,5,67127c950f4ebd8209416f22
Oregon State,2021,7,6,67127c950f4ebd8209416f23
Oregon State,2022,10,3,67127c950f4ebd8209416f24
Oregon State,2023,8,5,67127c950f4ebd8209416f25
Oregon State,2024,0,0,67127c950f4ebd8209416f26
Arkansas State,2016,8,5,67127c950f4ebd8209416f27
Arkansas State,2017,7,5,67127c950f4ebd8209416f28
Arkansas State,2018,8,5,67127c950f4ebd8209416f29
Arkansas State,2019,8,5,67127c950f4ebd8209416f2a
Arkansas State,2020,4,7,67127c950f4ebd8209416f2b
Arkansas State,2021,2,10,67127c950f4ebd8209416f2c
Arkansas State,2022,3,9,67127c950f4ebd8209416f2d
Arkansas State,2023,6,7,67127c950f4ebd8209416f2e
Arkansas State,2024,0,0,67127c950f4ebd8209416f2f
Houston,2016,9,4,67127c950f4ebd8209416f30
Houston,2017,7,5,67127c950f4ebd8209416f31
Houston,2018,8,5,67127c950f4ebd8209416f32
Houston,2019,4,8,67127c950f4ebd8209416f33
Houston,2020,3,5,67127c950f4ebd8209416f34
Houston,2021,12,2,67127c950f4ebd8209416f35
Houston,2022,8,5,67127c950f4ebd8209416f36
Houston,2023,4,8,67127c950f4ebd8209416f37
Houston,2024,0,0,67127c950f4ebd8209416f38
Rutgers,2016,2,10,67127c950f4ebd8209416f39
Rutgers,2017,4,8,67127c950f4ebd8209416f3a
Rutgers,2018,1,11,67127c950f4ebd8209416f3b
Rutgers,2019,2,10,67127c950f4ebd8209416f3c
Rutgers,2020,3,6,67127c950f4ebd8209416f3d
Rutgers,2021,5,8,67127c950f4ebd8209416f3e
Rutgers,2022,4,8,67127c950f4ebd8209416f3f
Rutgers,2023,7,6,67127c950f4ebd8209416f40
Rutgers,2024,0,0,67127c950f4ebd8209416f41
Syracuse,2016,4,8,67127c950f4ebd8209416f42
Syracuse,2017,4,8,67127c950f4ebd8209416f43
Syracuse,2018,10,3,67127c950f4ebd8209416f44
Syracuse,2019,5,7,67127c950f4ebd8209416f45
Syracuse,2020,1,10,67127c950f4ebd8209416f46
Syracuse,2021,5,7,67127c950f4ebd8209416f47
Syracuse,2022,7,6,67127c950f4ebd8209416f48
Syracuse,2023,6,7,67127c950f4ebd8209416f49
Syracuse,2024,0,0,67127c950f4ebd8209416f4a
Rice,2016,3,9,67127c950f4ebd8209416f4b
Rice,2017,1,11,67127c950f4ebd8209416f4c
Rice,2018,2,11,67127c950f4ebd8209416f4d
Rice,2019,3,9,67127c950f4ebd8209416f4e
Rice,2020,2,3,67127c950f4ebd8209416f4f
Rice,2021,4,8,67127c950f4ebd8209416f50
Rice,2022,5,8,67127c950f4ebd8209416f51
Rice,2023,6,7,67127c950f4ebd8209416f52
Rice,2024,0,0,67127c950f4ebd8209416f53
Kansas,2016,2,10,67127c950f4ebd8209416f54
Kansas,2017,1,11,67127c950f4ebd8209416f55
Kansas,2018,3,9,67127c950f4ebd8209416f56
Kansas,2019,3,9,67127c950f4ebd8209416f57
Kansas,2020,0,9,67127c950f4ebd8209416f58
Kansas,2021,2,10,67127c950f4ebd8209416f59
Kansas,2022,6,7,67127c950f4ebd8209416f5a
Kansas,2023,9,4,67127c950f4ebd8209416f5b
Kansas,2024,0,0,67127c950f4ebd8209416f5c
Arkansas,2016,7,6,67127c950f4ebd8209416f5d
Arkansas,2017,4,8,67127c950f4ebd8209416f5e
Arkansas,2018,2,10,67127c950f4ebd8209416f5f
Arkansas,2019,2,10,67127c950f4ebd8209416f60
Arkansas,2020,3,7,67127c950f4ebd8209416f61
Arkansas,2021,9,4,67127c950f4ebd8209416f62
Arkansas,2022,7,6,67127c950f4ebd8209416f63
Arkansas,2023,4,8,67127c950f4ebd8209416f64
Arkansas,2024,0,0,67127c950f4ebd8209416f65
Colorado State,2016,7,6,67127c950f4ebd8209416f66
Colorado State,2017,7,6,67127c950f4ebd8209416f67
Colorado State,2018,3,9,67127c950f4ebd8209416f68
Colorado State,2019,4,8,67127c950f4ebd8209416f69
Colorado State,2020,1,3,67127c950f4ebd8209416f6a
Colorado State,2021,3,9,67127c950f4ebd8209416f6b
Colorado State,2022,3,9,67127c950f4ebd8209416f6c
Colorado State,2023,5,7,67127c950f4ebd8209416f6d
Colorado State,2024,0,0,67127c950f4ebd8209416f6e
Wyoming,2016,8,6,67127c950f4ebd8209416f6f
Wyoming,2017,8,5,67127c950f4ebd8209416f70
Wyoming,2018,6,6,67127c950f4ebd8209416f71
Wyoming,2019,8,5,67127c950f4ebd8209416f72
Wyoming,2020,2,4,67127c950f4ebd8209416f73
Wyoming,2021,7,6,67127c950f4ebd8209416f74
Wyoming,2022,7,6,67127c950f4ebd8209416f75
Wyoming,2023,9,4,67127c950f4ebd8209416f76
Wyoming,2024,0,0,67127c950f4ebd8209416f77
Central Michigan,2016,6,7,67127c950f4ebd8209416f78
Central Michigan,2017,8,5,67127c950f4ebd8209416f79
Central Michigan,2018,1,11,67127c950f4ebd8209416f7a
Central Michigan,2019,8,6,67127c950f4ebd8209416f7b
Central Michigan,2020,3,3,67127c950f4ebd8209416f7c
Central Michigan,2021,9,4,67127c950f4ebd8209416f7d
Central Michigan,2022,4,8,67127c950f4ebd8209416f7e
Central Michigan,2023,5,7,67127c950f4ebd8209416f7f
Central Michigan,2024,0,0,67127c950f4ebd8209416f80
Akron,2016,5,7,67127c950f4ebd8209416f81
Akron,2017,7,7,67127c950f4ebd8209416f82
Akron,2018,4,8,67127c950f4ebd8209416f83
Akron,2019,0,12,67127c950f4ebd8209416f84
Akron,2020,1,5,67127c950f4ebd8209416f85
Akron,2021,2,10,67127c950f4ebd8209416f86
Akron,2022,2,10,67127c950f4ebd8209416f87
Akron,2023,2,10,67127c950f4ebd8209416f88
Akron,2024,0,0,67127c950f4ebd8209416f89
Western Kentucky,2016,10,3,67127c950f4ebd8209416f8a
Western Kentucky,2017,6,7,67127c950f4ebd8209416f8b
Western Kentucky,2018,5,17,67127c950f4ebd8209416f8c
Western Kentucky,2019,9,4,67127c950f4ebd8209416f8d
Western Kentucky,2020,5,7,67127c950f4ebd8209416f8e
Western Kentucky,2021,9,5,67127c950f4ebd8209416f8f
Western Kentucky,2022,9,5,67127c950f4ebd8209416f90
Western Kentucky,2023,8,5,67127c950f4ebd8209416f91
Western Kentucky,2024,0,0,67127c950f4ebd8209416f92
Troy,2016,10,3,67127c950f4ebd8209416f93
Troy,2017,11,2,67127c950f4ebd8209416f94
Troy,2018,10,3,67127c950f4ebd8209416f95
Troy,2019,5,7,67127c950f4ebd8209416f96
Troy,2020,5,6,67127c950f4ebd8209416f97
Troy,2021,5,7,67127c950f4ebd8209416f98
Troy,2022,12,2,67127c950f4ebd8209416f99
Troy,2023,11,3,67127c950f4ebd8209416f9a
Troy,2024,0,0,67127c950f4ebd8209416f9b
Air Force,2016,10,3,67127c950f4ebd8209416f9c
Air Force,2017,5,7,67127c950f4ebd8209416f9d
Air Force,2018,5,7,67127c950f4ebd8209416f9e
Air Force,2019,11,2,67127c950f4ebd8209416f9f
Air Force,2020,3,3,67127c950f4ebd8209416fa0
Air Force,2021,10,3,67127c950f4ebd8209416fa1
Air Force,2022,10,3,67127c950f4ebd8209416fa2
Air Force,2023,9,4,67127c950f4ebd8209416fa3
Air Force,2024,0,0,67127c950f4ebd8209416fa4
Iowa State,2016,3,9,67127c950f4ebd8209416fa5
Iowa State,2017,8,5,67127c950f4ebd8209416fa6
Iowa State,2018,8,5,67127c950f4ebd8209416fa7
Iowa State,2019,7,6,67127c950f4ebd8209416fa8
Iowa State,2020,9,3,67127c950f4ebd8209416fa9
Iowa State,2021,7,6,67127c950f4ebd8209416faa
Iowa State,2022,4,8,67127c950f4ebd8209416fab
Iowa State,2023,7,6,67127c950f4ebd8209416fac
Iowa State,2024,0,0,67127c950f4ebd8209416fad
Toledo,2016,9,4,67127c950f4ebd8209416fae
Toledo,2017,11,3,67127c950f4ebd8209416faf
Toledo,2018,7,6,67127c950f4ebd8209416fb0
Toledo,2019,6,6,67127c950f4ebd8209416fb1
Toledo,2020,4,2,67127c950f4ebd8209416fb2
Toledo,2021,7,6,67127c950f4ebd8209416fb3
Toledo,2022,9,5,67127c950f4ebd8209416fb4
Toledo,2023,11,3,67127c950f4ebd8209416fb5
Toledo,2024,0,0,67127c950f4ebd8209416fb6
San José State,2016,4,8,67127c950f4ebd8209416fb7
San José State,2017,2,11,67127c950f4ebd8209416fb8
San José State,2018,1,11,67127c950f4ebd8209416fb9
San José State,2019,5,7,67127c950f4ebd8209416fba
San José State,2020,7,1,67127c950f4ebd8209416fbb
San José State,2021,5,7,67127c950f4ebd8209416fbc
San José State,2022,7,5,67127c950f4ebd8209416fbd
San José State,2023,7,6,67127c950f4ebd8209416fbe
San José State,2024,0,0,67127c950f4ebd8209416fbf
Northern Illinois,2016,5,7,67127c950f4ebd8209416fc0
Northern Illinois,2017,8,5,67127c950f4ebd8209416fc1
Northern Illinois,2018,8,6,67127c950f4ebd8209416fc2
Northern Illinois,2019,5,7,67127c950f4ebd8209416fc3
Northern Illinois,2020,0,6,67127c950f4ebd8209416fc4
Northern Illinois,2021,9,5,67127c950f4ebd8209416fc5
Northern Illinois,2022,3,9,67127c950f4ebd8209416fc6
Northern Illinois,2023,7,6,67127c950f4ebd8209416fc7
Northern Illinois,2024,0,0,67127c950f4ebd8209416fc8
Wisconsin,2016,11,3,67127c950f4ebd8209416fc9
Wisconsin,2017,13,1,67127c950f4ebd8209416fca
Wisconsin,2018,8,5,67127c950f4ebd8209416fcb
Wisconsin,2019,10,4,67127c950f4ebd8209416fcc
Wisconsin,2020,4,3,67127c950f4ebd8209416fcd
Wisconsin,2021,9,4,67127c950f4ebd8209416fce
Wisconsin,2022,7,6,67127c950f4ebd8209416fcf
Wisconsin,2023,7,6,67127c950f4ebd8209416fd0
Wisconsin,2024,0,0,67127c950f4ebd8209416fd1
Minnesota,2016,9,4,67127c950f4ebd8209416fd2
Minnesota,2017,5,7,67127c950f4ebd8209416fd3
Minnesota,2018,7,6,67127c950f4ebd8209416fd4
Minnesota,2019,11,2,67127c950f4ebd8209416fd5
Minnesota,2020,3,4,67127c950f4ebd8209416fd6
Minnesota,2021,9,4,67127c950f4ebd8209416fd7
Minnesota,2022,9,4,67127c950f4ebd8209416fd8
Minnesota,2023,6,7,67127c950f4ebd8209416fd9
Minnesota,2024,0,0,67127c950f4ebd8209416fda
Wake Forest,2016,7,6,67127c950f4ebd8209416fdb
Wake Forest,2017,8,5,67127c950f4ebd8209416fdc
Wake Forest,2018,7,6,67127c950f4ebd8209416fdd
Wake Forest,2019,8,5,67127c950f4ebd8209416fde
Wake Forest,2020,4,5,67127c950f4ebd8209416fdf
Wake Forest,2021,11,3,67127c950f4ebd8209416fe0
Wake Forest,2022,8,5,67127c950f4ebd8209416fe1
Wake Forest,2023,4,8,67127c950f4ebd8209416fe2
Wake Forest,2024,0,0,67127c950f4ebd8209416fe3
Eastern Michigan,2016,7,6,67127c950f4ebd8209416fe4
Eastern Michigan,2017,5,7,67127c950f4ebd8209416fe5
Eastern Michigan,2018,7,6,67127c950f4ebd8209416fe6
Eastern Michigan,2019,6,7,67127c950f4ebd8209416fe7
Eastern Michigan,2020,2,4,67127c950f4ebd8209416fe8
Eastern Michigan,2021,7,6,67127c950f4ebd8209416fe9
Eastern Michigan,2022,9,4,67127c950f4ebd8209416fea
Eastern Michigan,2023,6,7,67127c950f4ebd8209416feb
Eastern Michigan,2024,0,0,67127c950f4ebd8209416fec
Duke,2016,4,8,67127c950f4ebd8209416fed
Duke,2017,7,6,67127c950f4ebd8209416fee
Duke,2018,8,5,67127c950f4ebd8209416fef
Duke,2019,5,7,67127c950f4ebd8209416ff0
Duke,2020,2,9,67127c950f4ebd8209416ff1
Duke,2021,3,9,67127c950f4ebd8209416ff2
Duke,2022,9,4,67127c950f4ebd8209416ff3
Duke,2023,8,5,67127c950f4ebd8209416ff4
Duke,2024,0,0,67127c950f4ebd8209416ff5
Michigan State,2016,3,9,67127c950f4ebd8209416ff6
Michigan State,2017,10,3,67127c950f4ebd8209416ff7
Michigan State,2018,7,6,67127c950f4ebd8209416ff8
Michigan State,2019,7,6,67127c950f4ebd8209416ff9
Michigan State,2020,2,5,67127c950f4ebd8209416ffa
Michigan State,2021,11,2,67127c950f4ebd8209416ffb
Michigan State,2022,5,7,67127c950f4ebd8209416ffc
Michigan State,2023,4,8,67127c950f4ebd8209416ffd
Michigan State,2024,0,0,67127c950f4ebd8209416ffe
New Mexico,2016,9,4,67127c950f4ebd8209416fff
New Mexico,2017,3,9,67127c950f4ebd8209417000
New Mexico,2018,3,9,67127c950f4ebd8209417001
New Mexico,2019,2,10,67127c950f4ebd8209417002
New Mexico,2020,2,5,67127c950f4ebd8209417003
New Mexico,2021,3,9,67127c950f4ebd8209417004
New Mexico,2022,2,10,67127c950f4ebd8209417005
New Mexico,2023,4,8,67127c950f4ebd8209417006
New Mexico,2024,0,0,67127c950f4ebd8209417007
Fresno State,2016,1,11,67127c950f4ebd8209417008
Fresno State,2017,10,4,67127c950f4ebd8209417009
Fresno State,2018,12,2,67127c950f4ebd820941700a
Fresno State,2019,4,8,67127c950f4ebd820941700b
Fresno State,2020,3,3,67127c950f4ebd820941700c
Fresno State,2021,10,3,67127c950f4ebd820941700d
Fresno State,2022,10,4,67127c950f4ebd820941700e
Fresno State,2023,9,4,67127c950f4ebd820941700f
Fresno State,2024,0,0,67127c950f4ebd8209417010
UConn,2016,3,9,67127c950f4ebd8209417011
UConn,2017,3,9,67127c950f4ebd8209417012
UConn,2018,1,11,67127c950f4ebd8209417013
UConn,2019,2,10,67127c950f4ebd8209417014
UConn,2020,0,0,67127c950f4ebd8209417015
UConn,2021,1,11,67127c950f4ebd8209417016
UConn,2022,6,7,67127c950f4ebd8209417017
UConn,2023,3,9,67127c950f4ebd8209417018
UConn,2024,0,0,67127c950f4ebd8209417019
NC State,2016,7,6,67127c950f4ebd820941701a
NC State,2017,9,4,67127c950f4ebd820941701b
NC State,2018,9,4,67127c950f4ebd820941701c
NC State,2019,4,8,67127c950f4ebd820941701d
NC State,2020,8,4,67127c950f4ebd820941701e
NC State,2021,9,3,67127c950f4ebd820941701f
NC State,2022,8,5,67127c950f4ebd8209417020
NC State,2023,9,4,67127c950f4ebd8209417021
NC State,2024,0,0,67127c950f4ebd8209417022
Maryland,2016,6,7,67127c950f4ebd8209417023
Maryland,2017,4,8,67127c950f4ebd8209417024
Maryland,2018,5,7,67127c950f4ebd8209417025
Maryland,2019,3,9,67127c950f4ebd8209417026
Maryland,2020,2,3,67127c950f4ebd8209417027
Maryland,2021,7,6,67127c950f4ebd8209417028
Maryland,2022,8,5,67127c950f4ebd8209417029
Maryland,2023,8,5,67127c950f4ebd820941702a
Maryland,2024,0,0,67127c950f4ebd820941702b
California,2016,5,7,67127c950f4ebd820941702c
California,2017,5,7,67127c950f4ebd820941702d
California,2018,7,6,67127c950f4ebd820941702e
California,2019,8,5,67127c950f4ebd820941702f
California,2020,1,3,67127c950f4ebd8209417030
California,2021,5,7,67127c950f4ebd8209417031
California,2022,4,8,67127c950f4ebd8209417032
California,2023,6,7,67127c950f4ebd8209417033
California,2024,0,0,67127c950f4ebd8209417034
North Carolina,2016,8,5,67127c950f4ebd8209417035
North Carolina,2017,3,9,67127c950f4ebd8209417036
North Carolina,2018,2,9,67127c950f4ebd8209417037
North Carolina,2019,7,6,67127c950f4ebd8209417038
North Carolina,2020,8,4,67127c950f4ebd8209417039
North Carolina,2021,6,7,67127c950f4ebd820941703a
North Carolina,2022,9,5,67127c950f4ebd820941703b
North Carolina,2023,8,5,67127c950f4ebd820941703c
North Carolina,2024,0,0,67127c950f4ebd820941703d
Iowa,2016,8,5,67127c950f4ebd820941703e
Iowa,2017,8,5,67127c950f4ebd820941703f
Iowa,2018,9,4,67127c950f4ebd8209417040
Iowa,2019,10,3,67127c950f4ebd8209417041
Iowa,2020,6,2,67127c950f4ebd8209417042
Iowa,2021,10,4,67127c950f4ebd8209417043
Iowa,2022,8,5,67127c950f4ebd8209417044
Iowa,2023,10,4,67127c950f4ebd8209417045
Iowa,2024,0,0,67127c950f4ebd8209417046
Florida State,2016,10,3,67127c950f4ebd8209417047
Florida State,2017,7,6,67127c950f4ebd8209417048
Florida State,2018,5,7,67127c950f4ebd8209417049
Florida State,2019,6,7,67127c950f4ebd820941704a
Florida State,2020,3,6,67127c950f4ebd820941704b
Florida State,2021,5,7,67127c950f4ebd820941704c
Florida State,2022,10,3,67127c950f4ebd820941704d
Florida State,2023,13,1,67127c950f4ebd820941704e
Florida State,2024,0,0,67127c950f4ebd820941704f
Northwestern,2016,7,6,67127c950f4ebd8209417050
Northwestern,2017,10,3,67127c950f4ebd8209417051
Northwestern,2018,9,5,67127c950f4ebd8209417052
Northwestern,2019,3,9,67127c950f4ebd8209417053
Northwestern,2020,7,2,67127c950f4ebd8209417054
Northwestern,2021,3,9,67127c950f4ebd8209417055
Northwestern,2022,1,11,67127c950f4ebd8209417056
Northwestern,2023,8,5,67127c950f4ebd8209417057
Northwestern,2024,0,0,67127c950f4ebd8209417058
Western Michigan,2016,13,1,67127c950f4ebd8209417059
Western Michigan,2017,6,6,67127c950f4ebd820941705a
Western Michigan,2018,7,6,67127c950f4ebd820941705b
Western Michigan,2019,7,6,67127c950f4ebd820941705c
Western Michigan,2020,4,2,67127c950f4ebd820941705d
Western Michigan,2021,8,5,67127c950f4ebd820941705e
Western Michigan,2022,5,7,67127c950f4ebd820941705f
Western Michigan,2023,4,8,67127c950f4ebd8209417060
Western Michigan,2024,0,0,67127c950f4ebd8209417061
Penn State,2016,11,3,67127c950f4ebd8209417062
Penn State,2017,11,2,67127c950f4ebd8209417063
Penn State,2018,9,4,67127c950f4ebd8209417064
Penn State,2019,11,2,67127c950f4ebd8209417065
Penn State,2020,4,5,67127c950f4ebd8209417066
Penn State,2021,7,6,67127c950f4ebd8209417067
Penn State,2022,11,2,67127c950f4ebd8209417068
Penn State,2023,10,3,67127c950f4ebd8209417069
Penn State,2024,0,0,67127c950f4ebd820941706a
Ole Miss,2016,5,7,67127c950f4ebd820941706b
Ole Miss,2017,6,6,67127c950f4ebd820941706c
Ole Miss,2018,5,7,67127c950f4ebd820941706d
Ole Miss,2019,4,8,67127c950f4ebd820941706e
Ole Miss,2020,5,5,67127c950f4ebd820941706f
Ole Miss,2021,10,3,67127c950f4ebd8209417070
Ole Miss,2022,8,5,67127c950f4ebd8209417071
Ole Miss,2023,11,2,67127c950f4ebd8209417072
Ole Miss,2024,0,0,67127c950f4ebd8209417073
Tulane,2016,4,8,67127c950f4ebd8209417074
Tulane,2017,5,7,67127c950f4ebd8209417075
Tulane,2018,7,6,67127c950f4ebd8209417076
Tulane,2019,7,6,67127c950f4ebd8209417077
Tulane,2020,6,6,67127c950f4ebd8209417078
Tulane,2021,2,10,67127c950f4ebd8209417079
Tulane,2022,12,2,67127c950f4ebd820941707a
Tulane,2023,11,3,67127c950f4ebd820941707b
Tulane,2024,0,0,67127c950f4ebd820941707c
UCF,2016,6,7,67127c950f4ebd820941707d
UCF,2017,13,0,67127c950f4ebd820941707e
UCF,2018,12,1,67127c950f4ebd820941707f
UCF,2019,10,3,67127c950f4ebd8209417080
UCF,2020,6,4,67127c950f4ebd8209417081
UCF,2021,9,4,67127c950f4ebd8209417082
UCF,2022,9,5,67127c950f4ebd8209417083
UCF,2023,6,7,67127c950f4ebd8209417084
UCF,2024,0,0,67127c950f4ebd8209417085
Virginia Tech,2016,10,4,67127c950f4ebd8209417086
Virginia Tech,2017,9,4,67127c950f4ebd8209417087
Virginia Tech,2018,6,7,67127c950f4ebd8209417088
Virginia Tech,2019,8,5,67127c950f4ebd8209417089
Virginia Tech,2020,5,6,67127c950f4ebd820941708a
Virginia Tech,2021,6,7,67127c950f4ebd820941708b
Virginia Tech,2022,3,8,67127c950f4ebd820941708c
Virginia Tech,2023,7,6,67127c950f4ebd820941708d
Virginia Tech,2024,0,0,67127c950f4ebd820941708e
Arizona State,2016,5,7,67127c950f4ebd820941708f
Arizona State,2017,7,6,67127c950f4ebd8209417090
Arizona State,2018,7,6,67127c950f4ebd8209417091
Arizona State,2019,8,5,67127c950f4ebd8209417092
Arizona State,2020,2,2,67127c950f4ebd8209417093
Arizona State,2021,8,5,67127c950f4ebd8209417094
Arizona State,2022,3,9,67127c950f4ebd8209417095
Arizona State,2023,3,9,67127c950f4ebd8209417096
Arizona State,2024,0,0,67127c950f4ebd8209417097
Baylor,2016,7,6,67127c950f4ebd8209417098
Baylor,2017,1,11,67127c950f4ebd8209417099
Baylor,2018,7,6,67127c950f4ebd820941709a
Baylor,2019,11,3,67127c950f4ebd820941709b
Baylor,2020,2,7,67127c950f4ebd820941709c
Baylor,2021,12,2,67127c950f4ebd820941709d
Baylor,2022,6,7,67127c950f4ebd820941709e
Baylor,2023,3,9,67127c950f4ebd820941709f
Baylor,2024,0,0,67127c950f4ebd82094170a0
Oklahoma State,2016,10,3,67127c950f4ebd82094170a1
Oklahoma State,2017,10,3,67127c950f4ebd82094170a2
Oklahoma State,2018,7,6,67127c950f4ebd82094170a3
Oklahoma State,2019,8,5,67127c950f4ebd82094170a4
Oklahoma State,2020,8,3,67127c950f4ebd82094170a5
Oklahoma State,2021,12,2,67127c950f4ebd82094170a6
Oklahoma State,2022,7,6,67127c950f4ebd82094170a7
Oklahoma State,2023,10,4,67127c950f4ebd82094170a8
Oklahoma State,2024,0,0,67127c950f4ebd82094170a9
Michigan,2016,10,3,67127c950f4ebd82094170aa
Michigan,2017,8,5,67127c950f4ebd82094170ab
Michigan,2018,10,3,67127c950f4ebd82094170ac
Michigan,2019,9,4,67127c950f4ebd82094170ad
Michigan,2020,2,4,67127c950f4ebd82094170ae
Michigan,2021,12,2,67127c950f4ebd82094170af
Michigan,2022,13,1,67127c950f4ebd82094170b0
Michigan,2023,15,0,67127c950f4ebd82094170b1
Michigan,2024,0,0,67127c950f4ebd82094170b2
Boise State,2016,10,3,67127c950f4ebd82094170b3
Boise State,2017,11,3,67127c950f4ebd82094170b4
Boise State,2018,10,3,67127c950f4ebd82094170b5
Boise State,2019,12,2,67127c950f4ebd82094170b6
Boise State,2020,5,2,67127c950f4ebd82094170b7
Boise State,2021,7,5,67127c950f4ebd82094170b8
Boise State,2022,10,4,67127c950f4ebd82094170b9
Boise State,2023,8,6,67127c950f4ebd82094170ba
Boise State,2024,0,0,67127c950f4ebd82094170bb
Kent State,2016,3,9,67127c950f4ebd82094170bc
Kent State,2017,2,10,67127c950f4ebd82094170bd
Kent State,2018,2,10,67127c950f4ebd82094170be
Kent State,2019,7,6,67127c950f4ebd82094170bf
Kent State,2020,3,1,67127c950f4ebd82094170c0
Kent State,2021,7,7,67127c950f4ebd82094170c1
Kent State,2022,5,7,67127c950f4ebd82094170c2
Kent State,2023,1,11,67127c950f4ebd82094170c3
Kent State,2024,0,0,67127c950f4ebd82094170c4
Purdue,2016,3,9,67127c950f4ebd82094170c5
Purdue,2017,7,6,67127c950f4ebd82094170c6
Purdue,2018,6,7,67127c950f4ebd82094170c7
Purdue,2019,4,8,67127c950f4ebd82094170c8
Purdue,2020,2,4,67127c950f4ebd82094170c9
Purdue,2021,9,4,67127c950f4ebd82094170ca
Purdue,2022,8,6,67127c950f4ebd82094170cb
Purdue,2023,4,8,67127c950f4ebd82094170cc
Purdue,2024,0,0,67127c950f4ebd82094170cd
Oregon,2016,4,8,67127c950f4ebd82094170ce
Oregon,2017,7,6,67127c950f4ebd82094170cf
Oregon,2018,9,4,67127c950f4ebd82094170d0
Oregon,2019,12,2,67127c950f4ebd82094170d1
Oregon,2020,4,3,67127c950f4ebd82094170d2
Oregon,2021,10,4,67127c950f4ebd82094170d3
Oregon,2022,10,3,67127c950f4ebd82094170d4
Oregon,2023,12,2,67127c950f4ebd82094170d5
Oregon,2024,0,0,67127c950f4ebd82094170d6
USC,2016,10,3,67127c950f4ebd82094170d7
USC,2017,11,3,67127c950f4ebd82094170d8
USC,2018,5,7,67127c950f4ebd82094170d9
USC,2019,8,5,67127c950f4ebd82094170da
USC,2020,5,1,67127c950f4ebd82094170db
USC,2021,4,8,67127c950f4ebd82094170dc
USC,2022,11,3,67127c950f4ebd82094170dd
USC,2023,8,5,67127c950f4ebd82094170de
USC,2024,0,0,67127c950f4ebd82094170df
West Virginia,2016,10,3,67127c950f4ebd82094170e0
West Virginia,2017,7,6,67127c950f4ebd82094170e1
West Virginia,2018,8,4,67127c950f4ebd82094170e2
West Virginia,2019,5,7,67127c950f4ebd82094170e3
West Virginia,2020,6,4,67127c950f4ebd82094170e4
West Virginia,2021,6,7,67127c950f4ebd82094170e5
West Virginia,2022,5,7,67127c950f4ebd82094170e6
West Virginia,2023,9,4,67127c950f4ebd82094170e7
West Virginia,2024,0,0,67127c950f4ebd82094170e8
Marshall,2016,3,9,67127c950f4ebd82094170e9
Marshall,2017,8,5,67127c950f4ebd82094170ea
Marshall,2018,9,4,67127c950f4ebd82094170eb
Marshall,2019,8,5,67127c950f4ebd82094170ec
Marshall,2020,7,3,67127c950f4ebd82094170ed
Marshall,2021,7,6,67127c950f4ebd82094170ee
Marshall,2022,9,4,67127c950f4ebd82094170ef
Marshall,2023,6,7,67127c950f4ebd82094170f0
Marshall,2024,0,0,67127c950f4ebd82094170f1
Louisiana Tech,2016,9,5,67127c950f4ebd82094170f2
Louisiana Tech,2017,7,6,67127c950f4ebd82094170f3
Louisiana Tech,2018,8,5,67127c950f4ebd82094170f4
Louisiana Tech,2019,10,3,67127c950f4ebd82094170f5
Louisiana Tech,2020,5,5,67127c950f4ebd82094170f6
Louisiana Tech,2021,3,9,67127c950f4ebd82094170f7
Louisiana Tech,2022,3,9,67127c950f4ebd82094170f8
Louisiana Tech,2023,3,9,67127c950f4ebd82094170f9
Louisiana Tech,2024,0,0,67127c950f4ebd82094170fa
Southern Miss,2016,7,6,67127c950f4ebd82094170fb
Southern Miss,2017,8,5,67127c950f4ebd82094170fc
Southern Miss,2018,6,5,67127c950f4ebd82094170fd
Southern Miss,2019,7,6,67127c950f4ebd82094170fe
Southern Miss,2020,3,7,67127c950f4ebd82094170ff
Southern Miss,2021,3,9,67127c950f4ebd8209417100
Southern Miss,2022,7,6,67127c950f4ebd8209417101
Southern Miss,2023,3,9,67127c950f4ebd8209417102
Southern Miss,2024,0,0,67127c950f4ebd8209417103
Louisiana,2016,6,7,67127c950f4ebd8209417104
Louisiana,2017,5,7,67127c950f4ebd8209417105
Louisiana,2018,7,7,67127c950f4ebd8209417106
Louisiana,2019,11,3,67127c950f4ebd8209417107
Louisiana,2020,10,1,67127c950f4ebd8209417108
Louisiana,2021,13,1,67127c950f4ebd8209417109
Louisiana,2022,6,7,67127c950f4ebd820941710a
Louisiana,2023,6,7,67127c950f4ebd820941710b
Louisiana,2024,0,0,67127c950f4ebd820941710c
Bowling Green,2016,4,8,67127c950f4ebd820941710d
Bowling Green,2017,2,10,67127c950f4ebd820941710e
Bowling Green,2018,3,9,67127c950f4ebd820941710f
Bowling Green,2019,3,9,67127c950f4ebd8209417110
Bowling Green,2020,0,5,67127c950f4ebd8209417111
Bowling Green,2021,4,8,67127c950f4ebd8209417112
Bowling Green,2022,6,7,67127c950f4ebd8209417113
Bowling Green,2023,7,6,67127c950f4ebd8209417114
Bowling Green,2024,0,0,67127c950f4ebd8209417115
Georgia Tech,2016,9,4,67127c950f4ebd8209417116
Georgia Tech,2017,5,6,67127c950f4ebd8209417117
Georgia Tech,2018,7,6,67127c950f4ebd8209417118
Georgia Tech,2019,3,9,67127c950f4ebd8209417119
Georgia Tech,2020,3,7,67127c950f4ebd820941711a
Georgia Tech,2021,3,9,67127c950f4ebd820941711b
Georgia Tech,2022,5,7,67127c950f4ebd820941711c
Georgia Tech,2023,7,6,67127c950f4ebd820941711d
Georgia Tech,2024,0,0,67127c950f4ebd820941711e
Tennessee,2016,9,4,67127c950f4ebd820941711f
Tennessee,2017,4,8,67127c950f4ebd8209417120
Tennessee,2018,5,7,67127c950f4ebd8209417121
Tennessee,2019,8,5,67127c950f4ebd8209417122
Tennessee,2020,3,7,67127c950f4ebd8209417123
Tennessee,2021,7,6,67127c950f4ebd8209417124
Tennessee,2022,11,2,67127c950f4ebd8209417125
Tennessee,2023,9,4,67127c950f4ebd8209417126
Tennessee,2024,0,0,67127c950f4ebd8209417127
South Alabama,2016,6,7,67127c950f4ebd8209417128
South Alabama,2017,4,8,67127c950f4ebd8209417129
South Alabama,2018,3,9,67127c950f4ebd820941712a
South Alabama,2019,2,10,67127c950f4ebd820941712b
South Alabama,2020,4,7,67127c950f4ebd820941712c
South Alabama,2021,5,7,67127c950f4ebd820941712d
South Alabama,2022,10,3,67127c950f4ebd820941712e
South Alabama,2023,7,6,67127c950f4ebd820941712f
South Alabama,2024,0,0,67127c950f4ebd8209417130
Notre Dame,2016,4,8,67127c950f4ebd8209417131
Notre Dame,2017,10,3,67127c950f4ebd8209417132
Notre Dame,2018,12,1,67127c950f4ebd8209417133
Notre Dame,2019,11,2,67127c950f4ebd8209417134
Notre Dame,2020,10,2,67127c950f4ebd8209417135
Notre Dame,2021,11,2,67127c950f4ebd8209417136
Notre Dame,2022,9,4,67127c950f4ebd8209417137
Notre Dame,2023,10,3,67127c950f4ebd8209417138
Notre Dame,2024,0,0,67127c950f4ebd8209417139
Texas Tech,2016,5,7,67127c950f4ebd820941713a
Texas Tech,2017,6,7,67127c950f4ebd820941713b
Texas Tech,2018,5,7,67127c950f4ebd820941713c
Texas Tech,2019,4,8,67127c950f4ebd820941713d
Texas Tech,2020,4,6,67127c950f4ebd820941713e
Texas Tech,2021,7,6,67127c950f4ebd820941713f
Texas Tech,2022,8,5,67127c950f4ebd8209417140
Texas Tech,2023,7,6,67127c950f4ebd8209417141
Texas Tech,2024,0,0,67127c950f4ebd8209417142
UTEP,2016,4,8,67127c950f4ebd8209417143
UTEP,2017,0,12,67127c950f4ebd8209417144
UTEP,2018,1,11,67127c950f4ebd8209417145
UTEP,2019,1,11,67127c950f4ebd8209417146
UTEP,2020,3,5,67127c950f4ebd8209417147
UTEP,2021,7,6,67127c950f4ebd8209417148
UTEP,2022,5,7,67127c950f4ebd8209417149
UTEP,2023,3,9,67127c950f4ebd820941714a
UTEP,2024,0,0,67127c950f4ebd820941714b
Charlotte,2016,4,8,67127c950f4ebd820941714c
Charlotte,2017,1,11,67127c950f4ebd820941714d
Charlotte,2018,5,7,67127c950f4ebd820941714e
Charlotte,2019,7,6,67127c950f4ebd820941714f
Charlotte,2020,2,4,67127c950f4ebd8209417150
Charlotte,2021,5,7,67127c950f4ebd8209417151
Charlotte,2022,3,9,67127c950f4ebd8209417152
Charlotte,2023,3,9,67127c950f4ebd8209417153
Charlotte,2024,0,0,67127c950f4ebd8209417154
Georgia State,2016,2,9,67127c950f4ebd8209417155
Georgia State,2017,7,5,67127c950f4ebd8209417156
Georgia State,2018,2,10,67127c950f4ebd8209417157
Georgia State,2019,7,6,67127c950f4ebd8209417158
Georgia State,2020,6,4,67127c950f4ebd8209417159
Georgia State,2021,8,5,67127c950f4ebd820941715a
Georgia State,2022,4,8,67127c950f4ebd820941715b
Georgia State,2023,7,6,67127c950f4ebd820941715c
Georgia State,2024,0,0,67127c950f4ebd820941715d
Washington State,2016,8,5,67127c950f4ebd820941715e
Washington State,2017,9,4,67127c950f4ebd820941715f
Washington State,2018,11,2,67127c950f4ebd8209417160
Washington State,2019,6,7,67127c950f4ebd8209417161
Washington State,2020,1,3,67127c950f4ebd8209417162
Washington State,2021,7,6,67127c950f4ebd8209417163
Washington State,2022,7,6,67127c950f4ebd8209417164
Washington State,2023,5,7,67127c950f4ebd8209417165
Washington State,2024,0,0,67127c950f4ebd8209417166
Buffalo,2016,2,10,67127c950f4ebd8209417167
Buffalo,2017,6,6,67127c950f4ebd8209417168
Buffalo,2018,10,4,67127c950f4ebd8209417169
Buffalo,2019,8,5,67127c950f4ebd820941716a
Buffalo,2020,6,1,67127c950f4ebd820941716b
Buffalo,2021,4,8,67127c950f4ebd820941716c
Buffalo,2022,7,6,67127c950f4ebd820941716d
Buffalo,2023,3,9,67127c950f4ebd820941716e
Buffalo,2024,0,0,67127c950f4ebd820941716f
North Texas,2016,5,8,67127c950f4ebd8209417170
North Texas,2017,9,5,67127c950f4ebd8209417171
North Texas,2018,9,4,67127c950f4ebd8209417172
North Texas,2019,4,8,67127c950f4ebd8209417173
North Texas,2020,4,6,67127c950f4ebd8209417174
North Texas,2021,6,7,67127c950f4ebd8209417175
North Texas,2022,7,7,67127c950f4ebd8209417176
North Texas,2023,5,7,67127c950f4ebd8209417177
North Texas,2024,0,0,67127c950f4ebd8209417178
San Diego State,2016,11,3,67127c950f4ebd8209417179
San Diego State,2017,10,3,67127c950f4ebd820941717a
San Diego State,2018,7,6,67127c950f4ebd820941717b
San Diego State,2019,10,3,67127c950f4ebd820941717c
San Diego State,2020,4,4,67127c950f4ebd820941717d
San Diego State,2021,12,2,67127c950f4ebd820941717e
San Diego State,2022,7,6,67127c950f4ebd820941717f
San Diego State,2023,4,8,67127c950f4ebd8209417180
San Diego State,2024,0,0,67127c950f4ebd8209417181
Colorado,2016,10,4,67127c950f4ebd8209417182
Colorado,2017,5,7,67127c950f4ebd8209417183
Colorado,2018,5,7,67127c950f4ebd8209417184
Colorado,2019,5,7,67127c950f4ebd8209417185
Colorado,2020,4,2,67127c950f4ebd8209417186
Colorado,2021,4,8,67127c950f4ebd8209417187
Colorado,2022,1,11,67127c950f4ebd8209417188
Colorado,2023,4,8,67127c950f4ebd8209417189
Colorado,2024,0,0,67127c950f4ebd820941718a
Auburn,2016,8,5,67127c950f4ebd820941718b
Auburn,2017,10,4,67127c950f4ebd820941718c
Auburn,2018,8,5,67127c950f4ebd820941718d
Auburn,2019,9,4,67127c950f4ebd820941718e
Auburn,2020,6,5,67127c950f4ebd820941718f
Auburn,2021,6,7,67127c950f4ebd8209417190
Auburn,2022,5,7,67127c950f4ebd8209417191
Auburn,2023,6,7,67127c950f4ebd8209417192
Auburn,2024,0,0,67127c950f4ebd8209417193
Miami (OH),2016,6,7,67127c950f4ebd8209417194
Miami (OH),2017,5,7,67127c950f4ebd8209417195
Miami (OH),2018,6,6,67127c950f4ebd8209417196
Miami (OH),2019,8,6,67127c950f4ebd8209417197
Miami (OH),2020,2,1,67127c950f4ebd8209417198
Miami (OH),2021,7,6,67127c950f4ebd8209417199
Miami (OH),2022,6,7,67127c950f4ebd820941719a
Miami (OH),2023,11,3,67127c950f4ebd820941719b
Miami (OH),2024,0,0,67127c950f4ebd820941719c
New Mexico State,2016,3,9,67127c950f4ebd820941719d
New Mexico State,2017,7,6,67127c950f4ebd820941719e
New Mexico State,2018,3,9,67127c950f4ebd820941719f
New Mexico State,2019,2,10,67127c950f4ebd82094171a0
New Mexico State,2020,1,1,67127c950f4ebd82094171a1
New Mexico State,2021,2,10,67127c950f4ebd82094171a2
New Mexico State,2022,7,6,67127c950f4ebd82094171a3
New Mexico State,2023,10,5,67127c950f4ebd82094171a4
New Mexico State,2024,0,0,67127c950f4ebd82094171a5
Vanderbilt,2016,6,7,67127c950f4ebd82094171a6
Vanderbilt,2017,5,7,67127c950f4ebd82094171a7
Vanderbilt,2018,6,7,67127c950f4ebd82094171a8
Vanderbilt,2019,3,9,67127c950f4ebd82094171a9
Vanderbilt,2020,0,9,67127c950f4ebd82094171aa
Vanderbilt,2021,2,10,67127c950f4ebd82094171ab
Vanderbilt,2022,5,7,67127c950f4ebd82094171ac
Vanderbilt,2023,2,10,67127c950f4ebd82094171ad
Vanderbilt,2024,0,0,67127c950f4ebd82094171ae
Florida,2016,9,4,67127c950f4ebd82094171af
Florida,2017,4,7,67127c950f4ebd82094171b0
Florida,2018,10,3,67127c950f4ebd82094171b1
Florida,2019,11,2,67127c950f4ebd82094171b2
Florida,2020,8,4,67127c950f4ebd82094171b3
Florida,2021,6,6,67127c950f4ebd82094171b4
Florida,2022,6,7,67127c950f4ebd82094171b5
Florida,2023,5,7,67127c950f4ebd82094171b6
Florida,2024,0,0,67127c950f4ebd82094171b7
Virginia,2016,2,10,67127c950f4ebd82094171b8
Virginia,2017,6,7,67127c950f4ebd82094171b9
Virginia,2018,8,5,67127c950f4ebd82094171ba
Virginia,2019,9,5,67127c950f4ebd82094171bb
Virginia,2020,5,5,67127c950f4ebd82094171bc
Virginia,2021,6,6,67127c950f4ebd82094171bd
Virginia,2022,3,7,67127c950f4ebd82094171be
Virginia,2023,3,9,67127c950f4ebd82094171bf
Virginia,2024,0,0,67127c950f4ebd82094171c0
Ohio State,2016,11,2,67127c950f4ebd82094171c1
Ohio State,2017,12,2,67127c950f4ebd82094171c2
Ohio State,2018,13,1,67127c950f4ebd82094171c3
Ohio State,2019,13,1,67127c950f4ebd82094171c4
Ohio State,2020,7,1,67127c950f4ebd82094171c5
Ohio State,2021,11,2,67127c950f4ebd82094171c6
Ohio State,2022,11,2,67127c950f4ebd82094171c7
Ohio State,2023,11,2,67127c950f4ebd82094171c8
Ohio State,2024,0,0,67127c950f4ebd82094171c9
LSU,2016,8,4,67127c950f4ebd82094171ca
LSU,2017,9,4,67127c950f4ebd82094171cb
LSU,2018,10,3,67127c950f4ebd82094171cc
LSU,2019,15,0,67127c950f4ebd82094171cd
LSU,2020,5,5,67127c950f4ebd82094171ce
LSU,2021,6,7,67127c950f4ebd82094171cf
LSU,2022,10,4,67127c950f4ebd82094171d0
LSU,2023,10,3,67127c950f4ebd82094171d1
LSU,2024,0,0,67127c950f4ebd82094171d2
Army,2016,8,5,67127c950f4ebd82094171d3
Army,2017,10,3,67127c950f4ebd82094171d4
Army,2018,11,2,67127c950f4ebd82094171d5
Army,2019,5,8,67127c950f4ebd82094171d6
Army,2020,9,3,67127c950f4ebd82094171d7
Army,2021,9,4,67127c950f4ebd82094171d8
Army,2022,6,6,67127c950f4ebd82094171d9
Army,2023,6,6,67127c950f4ebd82094171da
Army,2024,0,0,67127c950f4ebd82094171db
Tulsa,2016,10,3,67127c950f4ebd82094171dc
Tulsa,2017,2,10,67127c950f4ebd82094171dd
Tulsa,2018,3,9,67127c950f4ebd82094171de
Tulsa,2019,4,8,67127c950f4ebd82094171df
Tulsa,2020,6,3,67127c950f4ebd82094171e0
Tulsa,2021,7,6,67127c950f4ebd82094171e1
Tulsa,2022,5,7,67127c950f4ebd82094171e2
Tulsa,2023,4,8,67127c950f4ebd82094171e3
Tulsa,2024,0,0,67127c950f4ebd82094171e4
East Carolina,2016,3,9,67127c950f4ebd82094171e5
East Carolina,2017,3,9,67127c950f4ebd82094171e6
East Carolina,2018,3,9,67127c950f4ebd82094171e7
East Carolina,2019,4,8,67127c950f4ebd82094171e8
East Carolina,2020,3,6,67127c950f4ebd82094171e9
East Carolina,2021,7,5,67127c950f4ebd82094171ea
East Carolina,2022,8,5,67127c950f4ebd82094171eb
East Carolina,2023,2,10,67127c950f4ebd82094171ec
East Carolina,2024,0,0,67127c950f4ebd82094171ed
UCLA,2016,4,8,67127c950f4ebd82094171ee
UCLA,2017,6,7,67127c950f4ebd82094171ef
UCLA,2018,3,9,67127c950f4ebd82094171f0
UCLA,2019,4,8,67127c950f4ebd82094171f1
UCLA,2020,3,4,67127c950f4ebd82094171f2
UCLA,2021,8,4,67127c950f4ebd82094171f3
UCLA,2022,9,4,67127c950f4ebd82094171f4
UCLA,2023,8,5,67127c950f4ebd82094171f5
UCLA,2024,0,0,67127c950f4ebd82094171f6
SMU,2016,5,7,67127c950f4ebd82094171f7
SMU,2017,7,6,67127c950f4ebd82094171f8
SMU,2018,5,7,67127c950f4ebd82094171f9
SMU,2019,10,3,67127c950f4ebd82094171fa
SMU,2020,7,3,67127c950f4ebd82094171fb
SMU,2021,8,4,67127c950f4ebd82094171fc
SMU,2022,7,6,67127c950f4ebd82094171fd
SMU,2023,11,3,67127c950f4ebd82094171fe
SMU,2024,0,0,67127c950f4ebd82094171ff
Mississippi State,2016,6,7,67127c950f4ebd8209417200
Mississippi State,2017,9,4,67127c950f4ebd8209417201
Mississippi State,2018,8,5,67127c950f4ebd8209417202
Mississippi State,2019,6,7,67127c950f4ebd8209417203
Mississippi State,2020,4,7,67127c950f4ebd8209417204
Mississippi State,2021,7,6,67127c950f4ebd8209417205
Mississippi State,2022,9,4,67127c950f4ebd8209417206
Mississippi State,2023,5,7,67127c950f4ebd8209417207
Mississippi State,2024,0,0,67127c950f4ebd8209417208
South Carolina,2016,6,7,67127c950f4ebd8209417209
South Carolina,2017,9,4,67127c950f4ebd820941720a
South Carolina,2018,7,6,67127c950f4ebd820941720b
South Carolina,2019,4,8,67127c950f4ebd820941720c
South Carolina,2020,2,8,67127c950f4ebd820941720d
South Carolina,2021,7,6,67127c950f4ebd820941720e
South Carolina,2022,8,5,67127c950f4ebd820941720f
South Carolina,2023,5,7,67127c950f4ebd8209417210
South Carolina,2024,0,0,67127c950f4ebd8209417211
Pittsburgh,2016,8,5,67127c950f4ebd8209417212
Pittsburgh,2017,5,7,67127c950f4ebd8209417213
Pittsburgh,2018,7,7,67127c950f4ebd8209417214
Pittsburgh,2019,8,5,67127c950f4ebd8209417215
Pittsburgh,2020,6,5,67127c950f4ebd8209417216
Pittsburgh,2021,11,3,67127c950f4ebd8209417217
Pittsburgh,2022,9,4,67127c950f4ebd8209417218
Pittsburgh,2023,3,9,67127c950f4ebd8209417219
Pittsburgh,2024,0,0,67127c950f4ebd820941721a
Ball State,2016,4,8,67127c950f4ebd820941721b
Ball State,2017,2,10,67127c950f4ebd820941721c
Ball State,2018,4,8,67127c950f4ebd820941721d
Ball State,2019,5,7,67127c950f4ebd820941721e
Ball State,2020,7,1,67127c950f4ebd820941721f
Ball State,2021,6,7,67127c950f4ebd8209417220
Ball State,2022,5,7,67127c950f4ebd8209417221
Ball State,2023,4,8,67127c950f4ebd8209417222
Ball State,2024,0,0,67127c950f4ebd8209417223
Navy,2016,9,5,67127c950f4ebd8209417224
Navy,2017,7,6,67127c950f4ebd8209417225
Navy,2018,3,10,67127c950f4ebd8209417226
Navy,2019,11,2,67127c950f4ebd8209417227
Navy,2020,3,7,67127c950f4ebd8209417228
Navy,2021,4,8,67127c950f4ebd8209417229
Navy,2022,4,8,67127c950f4ebd820941722a
Navy,2023,5,7,67127c950f4ebd820941722b
Navy,2024,0,0,67127c950f4ebd820941722c
Memphis,2016,8,5,67127c950f4ebd820941722d
Memphis,2017,10,3,67127c950f4ebd820941722e
Memphis,2018,8,6,67127c950f4ebd820941722f
Memphis,2019,12,2,67127c950f4ebd8209417230
Memphis,2020,8,3,67127c950f4ebd8209417231
Memphis,2021,6,6,67127c950f4ebd8209417232
Memphis,2022,7,6,67127c950f4ebd8209417233
Memphis,2023,10,3,67127c950f4ebd8209417234
Memphis,2024,0,0,67127c950f4ebd8209417235
Missouri,2016,4,8,67127c950f4ebd8209417236
Missouri,2017,7,6,67127c950f4ebd8209417237
Missouri,2018,8,5,67127c950f4ebd8209417238
Missouri,2019,6,6,67127c950f4ebd8209417239
Missouri,2020,5,5,67127c950f4ebd820941723a
Missouri,2021,6,7,67127c950f4ebd820941723b
Missouri,2022,6,7,67127c950f4ebd820941723c
Missouri,2023,11,2,67127c950f4ebd820941723d
Missouri,2024,0,0,67127c950f4ebd820941723e
Florida Atlantic,2016,3,9,67127c950f4ebd820941723f
Florida Atlantic,2017,11,3,67127c950f4ebd8209417240
Florida Atlantic,2018,5,7,67127c950f4ebd8209417241
Florida Atlantic,2019,11,3,67127c950f4ebd8209417242
Florida Atlantic,2020,5,4,67127c950f4ebd8209417243
Florida Atlantic,2021,5,7,67127c950f4ebd8209417244
Florida Atlantic,2022,5,7,67127c950f4ebd8209417245
Florida Atlantic,2023,4,8,67127c950f4ebd8209417246
Florida Atlantic,2024,0,0,67127c950f4ebd8209417247
TCU,2016,6,7,67127c950f4ebd8209417248
TCU,2017,11,3,67127c950f4ebd8209417249
TCU,2018,7,6,67127c950f4ebd820941724a
TCU,2019,5,7,67127c950f4ebd820941724b
TCU,2020,6,4,67127c950f4ebd820941724c
TCU,2021,5,7,67127c950f4ebd820941724d
TCU,2022,13,2,67127c950f4ebd820941724e
TCU,2023,5,7,67127c950f4ebd820941724f
TCU,2024,0,0,67127c950f4ebd8209417250
Washington,2016,12,2,67127c950f4ebd8209417251
Washington,2017,10,3,67127c950f4ebd8209417252
Washington,2018,10,4,67127c950f4ebd8209417253
Washington,2019,8,5,67127c950f4ebd8209417254
Washington,2020,3,1,67127c950f4ebd8209417255
Washington,2021,4,8,67127c950f4ebd8209417256
Washington,2022,11,2,67127c950f4ebd8209417257
Washington,2023,14,1,67127c950f4ebd8209417258
Washington,2024,0,0,67127c950f4ebd8209417259
Louisville,2016,9,4,67127c950f4ebd820941725a
Louisville,2017,8,5,67127c950f4ebd820941725b
Louisville,2018,0,2,67127c950f4ebd820941725c
Louisville,2019,8,5,67127c950f4ebd820941725d
Louisville,2020,4,7,67127c950f4ebd820941725e
Louisville,2021,6,7,67127c950f4ebd820941725f
Louisville,2022,8,5,67127c950f4ebd8209417260
Louisville,2023,10,4,67127c950f4ebd8209417261
Louisville,2024,0,0,67127c950f4ebd8209417262
Idaho,2016,9,4,67127c950f4ebd8209417263
Idaho,2017,4,8,67127c950f4ebd8209417264
Nevada,2016,5,7,67127c950f4ebd8209417265
Nevada,2017,3,9,67127c950f4ebd8209417266
Nevada,2018,8,5,67127c950f4ebd8209417267
Nevada,2019,7,6,67127c950f4ebd8209417268
Nevada,2020,7,2,67127c950f4ebd8209417269
Nevada,2021,8,5,67127c950f4ebd820941726a
Nevada,2022,2,10,67127c950f4ebd820941726b
Nevada,2023,2,10,67127c950f4ebd820941726c
Nevada,2024,0,0,67127c950f4ebd820941726d
Temple,2016,10,3,67127c950f4ebd820941726e
Temple,2017,7,6,67127c950f4ebd820941726f
Temple,2018,8,5,67127c950f4ebd8209417270
Temple,2019,8,5,67127c950f4ebd8209417271
Temple,2020,1,6,67127c950f4ebd8209417272
Temple,2021,3,9,67127c950f4ebd8209417273
Temple,2022,3,9,67127c950f4ebd8209417274
Temple,2023,3,9,67127c950f4ebd8209417275
Temple,2024,0,0,67127c950f4ebd8209417276
Miami,2016,9,4,67127c950f4ebd8209417277
Miami,2017,10,3,67127c950f4ebd8209417278
Miami,2018,7,6,67127c950f4ebd8209417279
Miami,2019,6,7,67127c950f4ebd820941727a
Miami,2020,8,3,67127c950f4ebd820941727b
Miami,2021,7,5,67127c950f4ebd820941727c
Miami,2022,5,7,67127c950f4ebd820941727d
Miami,2023,7,6,67127c950f4ebd820941727e
Miami,2024,0,0,67127c950f4ebd820941727f
Nebraska,2016,9,4,67127c950f4ebd8209417280
Nebraska,2017,4,8,67127c950f4ebd8209417281
Nebraska,2018,4,8,67127c950f4ebd8209417282
Nebraska,2019,5,7,67127c950f4ebd8209417283
Nebraska,2020,3,5,67127c950f4ebd8209417284
Nebraska,2021,3,9,67127c950f4ebd8209417285
Nebraska,2022,4,8,67127c950f4ebd8209417286
Nebraska,2023,5,7,67127c950f4ebd8209417287
Nebraska,2024,0,0,67127c950f4ebd8209417288
Arizona,2016,3,9,67127c950f4ebd8209417289
Arizona,2017,7,6,67127c950f4ebd820941728a
Arizona,2018,5,7,67127c950f4ebd820941728b
Arizona,2019,4,8,67127c950f4ebd820941728c
Arizona,2020,0,5,67127c950f4ebd820941728d
Arizona,2021,1,11,67127c950f4ebd820941728e
Arizona,2022,5,7,67127c950f4ebd820941728f
Arizona,2023,10,3,67127c950f4ebd8209417290
Arizona,2024,0,0,67127c950f4ebd8209417291
Hawai'i,2016,7,7,67127c950f4ebd8209417292
Hawai'i,2017,3,9,67127c950f4ebd8209417293
Hawai'i,2018,8,6,67127c950f4ebd8209417294
Hawai'i,2019,10,5,67127c950f4ebd8209417295
Hawai'i,2020,5,4,67127c950f4ebd8209417296
Hawai'i,2021,6,7,67127c950f4ebd8209417297
Hawai'i,2022,3,10,67127c950f4ebd8209417298
Hawai'i,2023,5,8,67127c950f4ebd8209417299
Hawai'i,2024,0,0,67127c950f4ebd820941729a
Alabama,2016,14,1,67127c950f4ebd820941729b
Alabama,2017,13,1,67127c950f4ebd820941729c
Alabama,2018,14,1,67127c950f4ebd820941729d
Alabama,2019,11,2,67127c950f4ebd820941729e
Alabama,2020,13,0,67127c950f4ebd820941729f
Alabama,2021,13,2,67127c950f4ebd82094172a0
Alabama,2022,11,2,67127c950f4ebd82094172a1
Alabama,2023,12,2,67127c950f4ebd82094172a2
Alabama,2024,0,0,67127c950f4ebd82094172a3
UNLV,2016,4,8,67127c950f4ebd82094172a4
UNLV,2017,5,7,67127c950f4ebd82094172a5
UNLV,2018,4,8,67127c950f4ebd82094172a6
UNLV,2019,4,8,67127c950f4ebd82094172a7
UNLV,2020,0,6,67127c950f4ebd82094172a8
UNLV,2021,2,10,67127c950f4ebd82094172a9
UNLV,2022,5,7,67127c950f4ebd82094172aa
UNLV,2023,9,5,67127c950f4ebd82094172ab
UNLV,2024,0,0,67127c950f4ebd82094172ac
App State,2016,10,3,67127c950f4ebd82094172ad
App State,2017,9,4,67127c950f4ebd82094172ae
App State,2018,11,2,67127c950f4ebd82094172af
App State,2019,13,1,67127c950f4ebd82094172b0
App State,2020,9,3,67127c950f4ebd82094172b1
App State,2021,10,4,67127c950f4ebd82094172b2
App State,2022,6,6,67127c950f4ebd82094172b3
App State,2023,9,5,67127c950f4ebd82094172b4
App State,2024,0,0,67127c950f4ebd82094172b5
Stanford,2016,10,3,67127c950f4ebd82094172b6
Stanford,2017,9,5,67127c950f4ebd82094172b7
Stanford,2018,9,4,67127c950f4ebd82094172b8
Stanford,2019,4,8,67127c950f4ebd82094172b9
Stanford,2020,4,2,67127c950f4ebd82094172ba
Stanford,2021,3,9,67127c950f4ebd82094172bb
Stanford,2022,3,9,67127c950f4ebd82094172bc
Stanford,2023,3,9,67127c950f4ebd82094172bd
Stanford,2024,0,0,67127c950f4ebd82094172be
BYU,2016,9,4,67127c950f4ebd82094172bf
BYU,2017,4,9,67127c950f4ebd82094172c0
BYU,2018,7,6,67127c950f4ebd82094172c1
BYU,2019,7,6,67127c950f4ebd82094172c2
BYU,2020,11,1,67127c950f4ebd82094172c3
BYU,2021,10,3,67127c950f4ebd82094172c4
BYU,2022,8,5,67127c950f4ebd82094172c5
BYU,2023,5,7,67127c950f4ebd82094172c6
BYU,2024,0,0,67127c950f4ebd82094172c7
Georgia,2016,8,5,67127c950f4ebd82094172c8
Georgia,2017,13,2,67127c950f4ebd82094172c9
Georgia,2018,11,3,67127c950f4ebd82094172ca
Georgia,2019,12,2,67127c950f4ebd82094172cb
Georgia,2020,8,2,67127c950f4ebd82094172cc
Georgia,2021,14,1,67127c950f4ebd82094172cd
Georgia,2022,15,0,67127c950f4ebd82094172ce
Georgia,2023,13,1,67127c950f4ebd82094172cf
Georgia,2024,0,0,67127c950f4ebd82094172d0
Illinois,2016,3,9,67127c950f4ebd82094172d1
Illinois,2017,2,10,67127c950f4ebd82094172d2
Illinois,2018,4,8,67127c950f4ebd82094172d3
Illinois,2019,6,7,67127c950f4ebd82094172d4
Illinois,2020,2,6,67127c950f4ebd82094172d5
Illinois,2021,5,7,67127c950f4ebd82094172d6
Illinois,2022,8,5,67127c950f4ebd82094172d7
Illinois,2023,5,7,67127c950f4ebd82094172d8
Illinois,2024,0,0,67127c950f4ebd82094172d9
Kansas State,2016,9,4,67127c950f4ebd82094172da
Kansas State,2017,8,5,67127c950f4ebd82094172db
Kansas State,2018,5,7,67127c950f4ebd82094172dc
Kansas State,2019,8,5,67127c950f4ebd82094172dd
Kansas State,2020,4,6,67127c950f4ebd82094172de
Kansas State,2021,8,5,67127c950f4ebd82094172df
Kansas State,2022,10,4,67127c950f4ebd82094172e0
Kansas State,2023,9,4,67127c950f4ebd82094172e1
Kansas State,2024,0,0,67127c950f4ebd82094172e2
Ohio,2016,8,6,67127c950f4ebd82094172e3
Ohio,2017,9,4,67127c950f4ebd82094172e4
Ohio,2018,9,4,67127c950f4ebd82094172e5
Ohio,2019,7,6,67127c950f4ebd82094172e6
Ohio,2020,2,1,67127c950f4ebd82094172e7
Ohio,2021,3,9,67127c950f4ebd82094172e8
Ohio,2022,10,4,67127c950f4ebd82094172e9
Ohio,2023,10,3,67127c950f4ebd82094172ea
Ohio,2024,0,0,67127c950f4ebd82094172eb
Middle Tennessee,2016,8,5,67127c950f4ebd82094172ec
Middle Tennessee,2017,7,6,67127c950f4ebd82094172ed
Middle Tennessee,2018,8,6,67127c950f4ebd82094172ee
Middle Tennessee,2019,4,8,67127c950f4ebd82094172ef
Middle Tennessee,2020,3,6,67127c950f4ebd82094172f0
Middle Tennessee,2021,7,6,67127c950f4ebd82094172f1
Middle Tennessee,2022,8,5,67127c950f4ebd82094172f2
Middle Tennessee,2023,4,8,67127c950f4ebd82094172f3
Middle Tennessee,2024,0,0,67127c950f4ebd82094172f4
Oklahoma,2016,11,2,67127c950f4ebd82094172f5
Oklahoma,2017,12,2,67127c950f4ebd82094172f6
Oklahoma,2018,12,2,67127c950f4ebd82094172f7
Oklahoma,2019,12,2,67127c950f4ebd82094172f8
Oklahoma,2020,9,2,67127c950f4ebd82094172f9
Oklahoma,2021,11,2,67127c950f4ebd82094172fa
Oklahoma,2022,6,7,67127c950f4ebd82094172fb
Oklahoma,2023,10,3,67127c950f4ebd82094172fc
Oklahoma,2024,0,0,67127c950f4ebd82094172fd
Kentucky,2016,7,6,67127c950f4ebd82094172fe
Kentucky,2017,7,6,67127c950f4ebd82094172ff
Kentucky,2018,10,3,67127c950f4ebd8209417300
Kentucky,2019,8,5,67127c950f4ebd8209417301
Kentucky,2020,5,6,67127c950f4ebd8209417302
Kentucky,2021,10,3,67127c950f4ebd8209417303
Kentucky,2022,7,6,67127c950f4ebd8209417304
Kentucky,2023,7,6,67127c950f4ebd8209417305
Kentucky,2024,0,0,67127c950f4ebd8209417306
Texas,2016,5,7,67127c950f4ebd8209417307
Texas,2017,7,6,67127c950f4ebd8209417308
Texas,2018,10,4,67127c950f4ebd8209417309
Texas,2019,8,5,67127c950f4ebd820941730a
Texas,2020,7,3,67127c950f4ebd820941730b
Texas,2021,5,7,67127c950f4ebd820941730c
Texas,2022,8,5,67127c950f4ebd820941730d
Texas,2023,12,2,67127c950f4ebd820941730e
Texas,2024,0,0,67127c950f4ebd820941730f
Texas A&M,2016,8,5,67127c950f4ebd8209417310
Texas A&M,2017,7,6,67127c950f4ebd8209417311
Texas A&M,2018,9,4,67127c950f4ebd8209417312
Texas A&M,2019,8,5,67127c950f4ebd8209417313
Texas A&M,2020,9,1,67127c950f4ebd8209417314
Texas A&M,2021,8,4,67127c950f4ebd8209417315
Texas A&M,2022,5,7,67127c950f4ebd8209417316
Texas A&M,2023,7,6,67127c950f4ebd8209417317
Texas A&M,2024,0,0,67127c950f4ebd8209417318
Georgia Southern,2016,5,7,67127c950f4ebd8209417319
Georgia Southern,2017,2,10,67127c950f4ebd820941731a
Georgia Southern,2018,10,3,67127c950f4ebd820941731b
Georgia Southern,2019,7,6,67127c950f4ebd820941731c
Georgia Southern,2020,8,5,67127c950f4ebd820941731d
Georgia Southern,2021,3,9,67127c950f4ebd820941731e
Georgia Southern,2022,6,7,67127c950f4ebd820941731f
Georgia Southern,2023,6,7,67127c950f4ebd8209417320
Georgia Southern,2024,0,0,67127c950f4ebd8209417321
Clemson,2016,14,1,67127c950f4ebd8209417322
Clemson,2017,12,2,67127c950f4ebd8209417323
Clemson,2018,15,0,67127c950f4ebd8209417324
Clemson,2019,14,1,67127c950f4ebd8209417325
Clemson,2020,10,2,67127c950f4ebd8209417326
Clemson,2021,10,3,67127c950f4ebd8209417327
Clemson,2022,11,3,67127c950f4ebd8209417328
Clemson,2023,9,4,67127c950f4ebd8209417329
Clemson,2024,0,0,67127c950f4ebd820941732a
South Florida,2016,10,2,67127c950f4ebd820941732b
South Florida,2017,10,2,67127c950f4ebd820941732c
South Florida,2018,7,6,67127c950f4ebd820941732d
South Florida,2019,4,8,67127c950f4ebd820941732e
South Florida,2020,1,8,67127c950f4ebd820941732f
South Florida,2021,2,10,67127c950f4ebd8209417330
South Florida,2022,1,11,67127c950f4ebd8209417331
South Florida,2023,7,6,67127c950f4ebd8209417332
South Florida,2024,0,0,67127c950f4ebd8209417333
Cincinnati,2016,4,8,67127c950f4ebd8209417334
Cincinnati,2017,4,8,67127c950f4ebd8209417335
Cincinnati,2018,11,2,67127c950f4ebd8209417336
Cincinnati,2019,11,3,67127c950f4ebd8209417337
Cincinnati,2020,9,1,67127c950f4ebd8209417338
Cincinnati,2021,13,1,67127c950f4ebd8209417339
Cincinnati,2022,9,4,67127c950f4ebd820941733a
Cincinnati,2023,3,9,67127c950f4ebd820941733b
Cincinnati,2024,0,0,67127c950f4ebd820941733c
Florida International,2016,0,4,67127c950f4ebd820941733d
Florida International,2017,8,5,67127c950f4ebd820941733e
Florida International,2018,9,4,67127c950f4ebd820941733f
Florida International,2019,6,7,67127c950f4ebd8209417340
Florida International,2020,0,5,67127c950f4ebd8209417341
Florida International,2021,1,11,67127c950f4ebd8209417342
Florida International,2022,4,8,67127c950f4ebd8209417343
Florida International,2023,4,8,67127c950f4ebd8209417344
Florida International,2024,0,0,67127c950f4ebd8209417345
UL Monroe,2016,4,8,67127c950f4ebd8209417346
UL Monroe,2017,4,8,67127c950f4ebd8209417347
UL Monroe,2018,6,6,67127c950f4ebd8209417348
UL Monroe,2019,5,7,67127c950f4ebd8209417349
UL Monroe,2020,0,10,67127c950f4ebd820941734a
UL Monroe,2021,4,8,67127c950f4ebd820941734b
UL Monroe,2022,4,8,67127c950f4ebd820941734c
UL Monroe,2023,2,10,67127c950f4ebd820941734d
UL Monroe,2024,0,0,67127c950f4ebd820941734e
Utah State,2016,3,9,67127c950f4ebd820941734f
Utah State,2017,6,7,67127c950f4ebd8209417350
Utah State,2018,11,2,67127c950f4ebd8209417351
Utah State,2019,7,6,67127c950f4ebd8209417352
Utah State,2020,1,5,67127c950f4ebd8209417353
Utah State,2021,11,3,67127c950f4ebd8209417354
Utah State,2022,6,7,67127c950f4ebd8209417355
Utah State,2023,6,7,67127c950f4ebd8209417356
Utah State,2024,0,0,67127c950f4ebd8209417357
Massachusetts,2016,2,10,67127c950f4ebd8209417358
Massachusetts,2017,4,8,67127c950f4ebd8209417359
Massachusetts,2018,4,8,67127c950f4ebd820941735a
Massachusetts,2019,1,11,67127c950f4ebd820941735b
Massachusetts,2020,0,4,67127c950f4ebd820941735c
Massachusetts,2021,1,11,67127c950f4ebd820941735d
Massachusetts,2022,1,11,67127c950f4ebd820941735e
Massachusetts,2023,3,9,67127c950f4ebd820941735f
Massachusetts,2024,0,0,67127c950f4ebd8209417360
Utah,2016,9,4,67127c950f4ebd8209417361
Utah,2017,7,6,67127c950f4ebd8209417362
Utah,2018,9,5,67127c950f4ebd8209417363
Utah,2019,11,3,67127c950f4ebd8209417364
Utah,2020,3,2,67127c950f4ebd8209417365
Utah,2021,10,4,67127c950f4ebd8209417366
Utah,2022,10,4,67127c950f4ebd8209417367
Utah,2023,8,5,67127c950f4ebd8209417368
Utah,2024,0,0,67127c950f4ebd8209417369
Old Dominion,2016,10,3,67127c950f4ebd820941736a
Old Dominion,2017,5,7,67127c950f4ebd820941736b
Old Dominion,2018,4,8,67127c950f4ebd820941736c
Old Dominion,2019,1,11,67127c950f4ebd820941736d
Old Dominion,2020,0,0,67127c950f4ebd820941736e
Old Dominion,2021,6,7,67127c950f4ebd820941736f
Old Dominion,2022,3,9,67127c950f4ebd8209417370
Old Dominion,2023,6,7,67127c950f4ebd8209417371
Old Dominion,2024,0,0,67127c950f4ebd8209417372
UTSA,2016,6,7,67127c950f4ebd8209417373
UTSA,2017,6,5,67127c950f4ebd8209417374
UTSA,2018,3,9,67127c950f4ebd8209417375
UTSA,2019,4,8,67127c950f4ebd8209417376
UTSA,2020,7,5,67127c950f4ebd8209417377
UTSA,2021,12,2,67127c950f4ebd8209417378
UTSA,2022,11,3,67127c950f4ebd8209417379
UTSA,2023,9,4,67127c950f4ebd820941737a
UTSA,2024,0,0,67127c950f4ebd820941737b
Texas State,2016,2,10,67127c950f4ebd820941737c
Texas State,2017,2,10,67127c950f4ebd820941737d
Texas State,2018,3,9,67127c950f4ebd820941737e
Texas State,2019,3,9,67127c950f4ebd820941737f
Texas State,2020,2,10,67127c950f4ebd8209417380
Texas State,2021,4,8,67127c950f4ebd8209417381
Texas State,2022,4,8,67127c950f4ebd8209417382
Texas State,2023,8,5,67127c950f4ebd8209417383
Texas State,2024,0,0,67127c950f4ebd8209417384
Coastal Carolina,2017,3,9,67127c950f4ebd8209417385
Coastal Carolina,2018,5,7,67127c950f4ebd8209417386
Coastal Carolina,2019,5,7,67127c950f4ebd8209417387
Coastal Carolina,2020,11,1,67127c950f4ebd8209417388
Coastal Carolina,2021,11,2,67127c950f4ebd8209417389
Coastal Carolina,2022,9,4,67127c950f4ebd820941738a
Coastal Carolina,2023,8,5,67127c950f4ebd820941738b
Coastal Carolina,2024,0,0,67127c950f4ebd820941738c
UAB,2017,8,5,67127c950f4ebd820941738d
UAB,2018,11,3,67127c950f4ebd820941738e
UAB,2019,9,5,67127c950f4ebd820941738f
UAB,2020,6,3,67127c950f4ebd8209417390
UAB,2021,9,4,67127c950f4ebd8209417391
UAB,2022,7,6,67127c950f4ebd8209417392
UAB,2023,4,8,67127c950f4ebd8209417393
UAB,2024,0,0,67127c950f4ebd8209417394
Liberty,2018,6,6,67127c950f4ebd8209417395
Liberty,2019,8,5,67127c950f4ebd8209417396
Liberty,2020,10,1,67127c950f4ebd8209417397
Liberty,2021,8,5,67127c950f4ebd8209417398
Liberty,2022,8,5,67127c950f4ebd8209417399
Liberty,2023,13,1,67127c950f4ebd820941739a
Liberty,2024,0,0,67127c950f4ebd820941739b
James Madison,2022,8,3,67127c950f4ebd820941739c
James Madison,2023,11,2,67127c950f4ebd820941739d
James Madison,2024,0,0,67127c950f4ebd820941739e
Sam Houston,2023,3,9,67127c950f4ebd820941739f
Sam Houston,2024,0,0,67127c950f4ebd82094173a0
Jacksonville State,2023,9,4,67127c950f4ebd82094173a1
Jacksonville State,2024,0,0,67127c950f4ebd82094173a2
